{
  ".svelte-kit/generated/server/internal.js": {
    "file": "internal.js",
    "imports": [
      "_internal.js"
    ],
    "isEntry": true,
    "src": ".svelte-kit/generated/server/internal.js"
  },
  "Card.css": {
    "file": "_app/immutable/assets/Card.7872c2ff.css",
    "src": "Card.css"
  },
  "PromoCard.css": {
    "file": "_app/immutable/assets/PromoCard.413adec0.css",
    "src": "PromoCard.css"
  },
  "_Card.js": {
    "css": [
      "_app/immutable/assets/Card.7872c2ff.css"
    ],
    "file": "chunks/Card.js",
    "imports": [
      "_index.js"
    ]
  },
  "_PromoCard.js": {
    "css": [
      "_app/immutable/assets/PromoCard.413adec0.css"
    ],
    "file": "chunks/PromoCard.js",
    "imports": [
      "_index.js",
      "_getAllPosts.js"
    ]
  },
  "_getAllPosts.js": {
    "dynamicImports": [
      "src/routes/blog/2020-11-09-about-us.md",
      "src/routes/blog/2021-04-01-a-correction-is-coming.md",
      "src/routes/blog/2021-04-01-croatia-dalmatia-region-plan-your-own-adventure.md",
      "src/routes/blog/2021-04-01-dalmatian-coast-for-the-frugal-traveler.md",
      "src/routes/blog/2021-04-01-mt-bierstadt.md",
      "src/routes/blog/2021-04-01-mt-huron.md",
      "src/routes/blog/2021-04-01-north-table-mountain.md",
      "src/routes/blog/2021-04-01-our-14ers-list.md",
      "src/routes/blog/2021-04-01-white-ranch-open-space.md",
      "src/routes/blog/2021-04-06-lessons-learned-living-in-490-square-feet.md",
      "src/routes/blog/2021-04-06-stuck-in-the-snow-after-mt-democrat.md",
      "src/routes/blog/2021-04-06-taking-a-sebatical.md",
      "src/routes/blog/2021-04-07-crested-butte-to-crystal-mills-via-schofield-pass.md",
      "src/routes/blog/2021-04-07-la-plata.md",
      "src/routes/blog/2021-04-07-lost-creek-wilderness.md",
      "src/routes/blog/2021-04-07-missouri-mountain.md",
      "src/routes/blog/2021-04-07-mount-of-the-holy-cross.md",
      "src/routes/blog/2021-04-07-packing-lite-list-for-her.md",
      "src/routes/blog/2021-04-07-packing-lite-list-for-him.md",
      "src/routes/blog/2021-04-07-shavano-tabeguache-traverse.md",
      "src/routes/blog/2021-10-18-selling-all-our-stuff.md",
      "src/routes/blog/2021-10-18-tulum-mexico-2021.md",
      "src/routes/blog/2021-10-26-playa-del-carmen-2021.md",
      "src/routes/blog/2021-11-05-puerto-morelos.md",
      "src/routes/blog/2021-11-12-valladolid.md",
      "src/routes/blog/2021-12-02-merida.md",
      "src/routes/blog/2021-12-10-guadalajara-mexico-2021.md",
      "src/routes/blog/2022-01-22-mexico-city-part-one.md",
      "src/routes/blog/2022-02-05-mexico-city-part-two-and-a-little-nc-and-denver.md",
      "src/routes/blog/2022-03-04-san-cristóbal-de-las-casas.md",
      "src/routes/blog/2022-04-11-puebla.md",
      "src/routes/blog/2022-04-21-queretaro.md",
      "src/routes/blog/2022-04-27-getting-started-on-our-bike-trip.md",
      "src/routes/blog/2022-05-01-eurovelo-3.md",
      "src/routes/blog/2022-05-17-ev6-france-and-the-first-500-miles-of-our-journey-are-behind-us.md",
      "src/routes/blog/2022-05-31-switzerland-2022-bike-trip.md",
      "src/routes/blog/2022-07-07-austria-to-visit-dylan.md",
      "src/routes/blog/2022-07-07-ev6-germany-2022.md",
      "src/routes/blog/2022-09-29-back-to-the-states.md",
      "src/routes/blog/2022-10-01-merry-midwest-roadtrip-part-i-north-shore-of-lake-superior.md",
      "src/routes/blog/2022-10-19-merry-midwest-roadtrip-part-3-cleveland.md",
      "src/routes/blog/2022-10-31-merry-midwest-roadtrip-part-2-michigan.md",
      "src/routes/blog/2022-11-11-merry-midwest-roadtrip-part-4-dc.md",
      "src/routes/blog/2023-01-28-malta-month-of-merry-ment.md",
      "src/routes/blog/2023-02-13-malta-month-of-merry-ment-part-ii.md",
      "src/routes/blog/2023-03-02-lisbon-lagos-and-portimao…we’re-in-portugal.md",
      "src/routes/blog/2023-03-30-how-to-launch-a-boat-in-fethiye.md",
      "src/routes/blog/2023-03-31-türkiye-part-i-fethiye-and-the-turquoise-coast.md",
      "src/routes/blog/2023-04-19-türkiye-part-ii-cappadocia-and-istanbul.md",
      "src/routes/blog/2023-06-02-budapest.md",
      "src/routes/blog/2023-08-30-bulgaria.md",
      "src/routes/blog/2024-01-06-2023-recap.md",
      "src/routes/blog/2024-07-25-Innsbruck.md",
      "src/routes/blog/2024-08-04-randis-solo-brompton-adventure.md",
      "src/routes/blog/2025-02-18-portugal.md",
      "src/routes/blog/2025-02-18-usa-2024-25.md",
      "src/routes/blog/2025-03-18-Madeira.md",
      "src/routes/blog/2025-06-23-EV9-Bike-Trip.md",
      "src/routes/blog/2025-08-14-summer-in-the-dach-lands.md",
      "src/routes/blog/2025-09-22-a-love-letter-to-berlin.md",
      "src/routes/blog/2025-10-29-sicily.md",
      "src/routes/blog/2025-10-30-singapore.md",
      "src/routes/blog/2025-11-29-malaysia.md"
    ],
    "file": "chunks/getAllPosts.js"
  },
  "_index.js": {
    "file": "chunks/index.js"
  },
  "_internal.js": {
    "file": "chunks/internal.js",
    "imports": [
      "_index.js"
    ]
  },
  "node_modules/@sveltejs/kit/src/runtime/components/error.svelte": {
    "file": "entries/fallbacks/error.svelte.js",
    "imports": [
      "_index.js"
    ],
    "isEntry": true,
    "src": "node_modules/@sveltejs/kit/src/runtime/components/error.svelte"
  },
  "node_modules/@sveltejs/kit/src/runtime/server/index.js": {
    "file": "index.js",
    "imports": [
      "_internal.js",
      "_index.js"
    ],
    "isEntry": true,
    "src": "node_modules/@sveltejs/kit/src/runtime/server/index.js"
  },
  "src/routes/+layout.css": {
    "file": "_app/immutable/assets/_layout.9b3fcf14.css",
    "src": "src/routes/+layout.css"
  },
  "src/routes/+layout.svelte": {
    "css": [
      "_app/immutable/assets/_layout.9b3fcf14.css"
    ],
    "file": "entries/pages/_layout.svelte.js",
    "imports": [
      "_index.js"
    ],
    "isEntry": true,
    "src": "src/routes/+layout.svelte"
  },
  "src/routes/+page.css": {
    "file": "_app/immutable/assets/_page.e72b6816.css",
    "src": "src/routes/+page.css"
  },
  "src/routes/+page.svelte": {
    "css": [
      "_app/immutable/assets/_page.e72b6816.css"
    ],
    "file": "entries/pages/_page.svelte.js",
    "imports": [
      "_index.js",
      "_Card.js",
      "_PromoCard.js"
    ],
    "isEntry": true,
    "src": "src/routes/+page.svelte"
  },
  "src/routes/+page.ts": {
    "file": "entries/pages/_page.ts.js",
    "imports": [
      "_getAllPosts.js"
    ],
    "isEntry": true,
    "src": "src/routes/+page.ts"
  },
  "src/routes/blog/+page.svelte": {
    "file": "entries/pages/blog/_page.svelte.js",
    "imports": [
      "_index.js",
      "_Card.js"
    ],
    "isEntry": true,
    "src": "src/routes/blog/+page.svelte"
  },
  "src/routes/blog/+page.ts": {
    "file": "entries/pages/blog/_page.ts.js",
    "imports": [
      "_getAllPosts.js"
    ],
    "isEntry": true,
    "src": "src/routes/blog/+page.ts"
  },
  "src/routes/blog/2020-11-09-about-us.md": {
    "file": "chunks/2020-11-09-about-us.js",
    "imports": [
      "_index.js"
    ],
    "isDynamicEntry": true,
    "src": "src/routes/blog/2020-11-09-about-us.md"
  },
  "src/routes/blog/2021-04-01-a-correction-is-coming.md": {
    "file": "chunks/2021-04-01-a-correction-is-coming.js",
    "imports": [
      "_index.js"
    ],
    "isDynamicEntry": true,
    "src": "src/routes/blog/2021-04-01-a-correction-is-coming.md"
  },
  "src/routes/blog/2021-04-01-croatia-dalmatia-region-plan-your-own-adventure.md": {
    "file": "chunks/2021-04-01-croatia-dalmatia-region-plan-your-own-adventure.js",
    "imports": [
      "_index.js"
    ],
    "isDynamicEntry": true,
    "src": "src/routes/blog/2021-04-01-croatia-dalmatia-region-plan-your-own-adventure.md"
  },
  "src/routes/blog/2021-04-01-dalmatian-coast-for-the-frugal-traveler.md": {
    "file": "chunks/2021-04-01-dalmatian-coast-for-the-frugal-traveler.js",
    "imports": [
      "_index.js"
    ],
    "isDynamicEntry": true,
    "src": "src/routes/blog/2021-04-01-dalmatian-coast-for-the-frugal-traveler.md"
  },
  "src/routes/blog/2021-04-01-mt-bierstadt.md": {
    "file": "chunks/2021-04-01-mt-bierstadt.js",
    "imports": [
      "_index.js"
    ],
    "isDynamicEntry": true,
    "src": "src/routes/blog/2021-04-01-mt-bierstadt.md"
  },
  "src/routes/blog/2021-04-01-mt-huron.md": {
    "file": "chunks/2021-04-01-mt-huron.js",
    "imports": [
      "_index.js"
    ],
    "isDynamicEntry": true,
    "src": "src/routes/blog/2021-04-01-mt-huron.md"
  },
  "src/routes/blog/2021-04-01-north-table-mountain.md": {
    "file": "chunks/2021-04-01-north-table-mountain.js",
    "imports": [
      "_index.js"
    ],
    "isDynamicEntry": true,
    "src": "src/routes/blog/2021-04-01-north-table-mountain.md"
  },
  "src/routes/blog/2021-04-01-our-14ers-list.md": {
    "file": "chunks/2021-04-01-our-14ers-list.js",
    "imports": [
      "_index.js"
    ],
    "isDynamicEntry": true,
    "src": "src/routes/blog/2021-04-01-our-14ers-list.md"
  },
  "src/routes/blog/2021-04-01-white-ranch-open-space.md": {
    "file": "chunks/2021-04-01-white-ranch-open-space.js",
    "imports": [
      "_index.js"
    ],
    "isDynamicEntry": true,
    "src": "src/routes/blog/2021-04-01-white-ranch-open-space.md"
  },
  "src/routes/blog/2021-04-06-lessons-learned-living-in-490-square-feet.md": {
    "file": "chunks/2021-04-06-lessons-learned-living-in-490-square-feet.js",
    "imports": [
      "_index.js"
    ],
    "isDynamicEntry": true,
    "src": "src/routes/blog/2021-04-06-lessons-learned-living-in-490-square-feet.md"
  },
  "src/routes/blog/2021-04-06-stuck-in-the-snow-after-mt-democrat.md": {
    "file": "chunks/2021-04-06-stuck-in-the-snow-after-mt-democrat.js",
    "imports": [
      "_index.js"
    ],
    "isDynamicEntry": true,
    "src": "src/routes/blog/2021-04-06-stuck-in-the-snow-after-mt-democrat.md"
  },
  "src/routes/blog/2021-04-06-taking-a-sebatical.md": {
    "file": "chunks/2021-04-06-taking-a-sebatical.js",
    "imports": [
      "_index.js"
    ],
    "isDynamicEntry": true,
    "src": "src/routes/blog/2021-04-06-taking-a-sebatical.md"
  },
  "src/routes/blog/2021-04-07-crested-butte-to-crystal-mills-via-schofield-pass.md": {
    "file": "chunks/2021-04-07-crested-butte-to-crystal-mills-via-schofield-pass.js",
    "imports": [
      "_index.js"
    ],
    "isDynamicEntry": true,
    "src": "src/routes/blog/2021-04-07-crested-butte-to-crystal-mills-via-schofield-pass.md"
  },
  "src/routes/blog/2021-04-07-la-plata.md": {
    "file": "chunks/2021-04-07-la-plata.js",
    "imports": [
      "_index.js"
    ],
    "isDynamicEntry": true,
    "src": "src/routes/blog/2021-04-07-la-plata.md"
  },
  "src/routes/blog/2021-04-07-lost-creek-wilderness.md": {
    "file": "chunks/2021-04-07-lost-creek-wilderness.js",
    "imports": [
      "_index.js"
    ],
    "isDynamicEntry": true,
    "src": "src/routes/blog/2021-04-07-lost-creek-wilderness.md"
  },
  "src/routes/blog/2021-04-07-missouri-mountain.md": {
    "file": "chunks/2021-04-07-missouri-mountain.js",
    "imports": [
      "_index.js"
    ],
    "isDynamicEntry": true,
    "src": "src/routes/blog/2021-04-07-missouri-mountain.md"
  },
  "src/routes/blog/2021-04-07-mount-of-the-holy-cross.md": {
    "file": "chunks/2021-04-07-mount-of-the-holy-cross.js",
    "imports": [
      "_index.js"
    ],
    "isDynamicEntry": true,
    "src": "src/routes/blog/2021-04-07-mount-of-the-holy-cross.md"
  },
  "src/routes/blog/2021-04-07-packing-lite-list-for-her.md": {
    "file": "chunks/2021-04-07-packing-lite-list-for-her.js",
    "imports": [
      "_index.js"
    ],
    "isDynamicEntry": true,
    "src": "src/routes/blog/2021-04-07-packing-lite-list-for-her.md"
  },
  "src/routes/blog/2021-04-07-packing-lite-list-for-him.md": {
    "file": "chunks/2021-04-07-packing-lite-list-for-him.js",
    "imports": [
      "_index.js"
    ],
    "isDynamicEntry": true,
    "src": "src/routes/blog/2021-04-07-packing-lite-list-for-him.md"
  },
  "src/routes/blog/2021-04-07-shavano-tabeguache-traverse.md": {
    "file": "chunks/2021-04-07-shavano-tabeguache-traverse.js",
    "imports": [
      "_index.js"
    ],
    "isDynamicEntry": true,
    "src": "src/routes/blog/2021-04-07-shavano-tabeguache-traverse.md"
  },
  "src/routes/blog/2021-10-18-selling-all-our-stuff.md": {
    "file": "chunks/2021-10-18-selling-all-our-stuff.js",
    "imports": [
      "_index.js"
    ],
    "isDynamicEntry": true,
    "src": "src/routes/blog/2021-10-18-selling-all-our-stuff.md"
  },
  "src/routes/blog/2021-10-18-tulum-mexico-2021.md": {
    "file": "chunks/2021-10-18-tulum-mexico-2021.js",
    "imports": [
      "_index.js"
    ],
    "isDynamicEntry": true,
    "src": "src/routes/blog/2021-10-18-tulum-mexico-2021.md"
  },
  "src/routes/blog/2021-10-26-playa-del-carmen-2021.md": {
    "file": "chunks/2021-10-26-playa-del-carmen-2021.js",
    "imports": [
      "_index.js"
    ],
    "isDynamicEntry": true,
    "src": "src/routes/blog/2021-10-26-playa-del-carmen-2021.md"
  },
  "src/routes/blog/2021-11-05-puerto-morelos.md": {
    "file": "chunks/2021-11-05-puerto-morelos.js",
    "imports": [
      "_index.js"
    ],
    "isDynamicEntry": true,
    "src": "src/routes/blog/2021-11-05-puerto-morelos.md"
  },
  "src/routes/blog/2021-11-12-valladolid.md": {
    "file": "chunks/2021-11-12-valladolid.js",
    "imports": [
      "_index.js"
    ],
    "isDynamicEntry": true,
    "src": "src/routes/blog/2021-11-12-valladolid.md"
  },
  "src/routes/blog/2021-12-02-merida.md": {
    "file": "chunks/2021-12-02-merida.js",
    "imports": [
      "_index.js"
    ],
    "isDynamicEntry": true,
    "src": "src/routes/blog/2021-12-02-merida.md"
  },
  "src/routes/blog/2021-12-10-guadalajara-mexico-2021.md": {
    "file": "chunks/2021-12-10-guadalajara-mexico-2021.js",
    "imports": [
      "_index.js"
    ],
    "isDynamicEntry": true,
    "src": "src/routes/blog/2021-12-10-guadalajara-mexico-2021.md"
  },
  "src/routes/blog/2022-01-22-mexico-city-part-one.md": {
    "file": "chunks/2022-01-22-mexico-city-part-one.js",
    "imports": [
      "_index.js"
    ],
    "isDynamicEntry": true,
    "src": "src/routes/blog/2022-01-22-mexico-city-part-one.md"
  },
  "src/routes/blog/2022-02-05-mexico-city-part-two-and-a-little-nc-and-denver.md": {
    "file": "chunks/2022-02-05-mexico-city-part-two-and-a-little-nc-and-denver.js",
    "imports": [
      "_index.js"
    ],
    "isDynamicEntry": true,
    "src": "src/routes/blog/2022-02-05-mexico-city-part-two-and-a-little-nc-and-denver.md"
  },
  "src/routes/blog/2022-03-04-san-cristóbal-de-las-casas.md": {
    "file": "chunks/2022-03-04-san-cristóbal-de-las-casas.js",
    "imports": [
      "_index.js"
    ],
    "isDynamicEntry": true,
    "src": "src/routes/blog/2022-03-04-san-cristóbal-de-las-casas.md"
  },
  "src/routes/blog/2022-04-11-puebla.md": {
    "file": "chunks/2022-04-11-puebla.js",
    "imports": [
      "_index.js"
    ],
    "isDynamicEntry": true,
    "src": "src/routes/blog/2022-04-11-puebla.md"
  },
  "src/routes/blog/2022-04-21-queretaro.md": {
    "file": "chunks/2022-04-21-queretaro.js",
    "imports": [
      "_index.js"
    ],
    "isDynamicEntry": true,
    "src": "src/routes/blog/2022-04-21-queretaro.md"
  },
  "src/routes/blog/2022-04-27-getting-started-on-our-bike-trip.md": {
    "file": "chunks/2022-04-27-getting-started-on-our-bike-trip.js",
    "imports": [
      "_index.js"
    ],
    "isDynamicEntry": true,
    "src": "src/routes/blog/2022-04-27-getting-started-on-our-bike-trip.md"
  },
  "src/routes/blog/2022-05-01-eurovelo-3.md": {
    "file": "chunks/2022-05-01-eurovelo-3.js",
    "imports": [
      "_index.js"
    ],
    "isDynamicEntry": true,
    "src": "src/routes/blog/2022-05-01-eurovelo-3.md"
  },
  "src/routes/blog/2022-05-17-ev6-france-and-the-first-500-miles-of-our-journey-are-behind-us.md": {
    "file": "chunks/2022-05-17-ev6-france-and-the-first-500-miles-of-our-journey-are-behind-us.js",
    "imports": [
      "_index.js"
    ],
    "isDynamicEntry": true,
    "src": "src/routes/blog/2022-05-17-ev6-france-and-the-first-500-miles-of-our-journey-are-behind-us.md"
  },
  "src/routes/blog/2022-05-31-switzerland-2022-bike-trip.md": {
    "file": "chunks/2022-05-31-switzerland-2022-bike-trip.js",
    "imports": [
      "_index.js"
    ],
    "isDynamicEntry": true,
    "src": "src/routes/blog/2022-05-31-switzerland-2022-bike-trip.md"
  },
  "src/routes/blog/2022-07-07-austria-to-visit-dylan.md": {
    "file": "chunks/2022-07-07-austria-to-visit-dylan.js",
    "imports": [
      "_index.js"
    ],
    "isDynamicEntry": true,
    "src": "src/routes/blog/2022-07-07-austria-to-visit-dylan.md"
  },
  "src/routes/blog/2022-07-07-ev6-germany-2022.md": {
    "file": "chunks/2022-07-07-ev6-germany-2022.js",
    "imports": [
      "_index.js"
    ],
    "isDynamicEntry": true,
    "src": "src/routes/blog/2022-07-07-ev6-germany-2022.md"
  },
  "src/routes/blog/2022-09-29-back-to-the-states.md": {
    "file": "chunks/2022-09-29-back-to-the-states.js",
    "imports": [
      "_index.js"
    ],
    "isDynamicEntry": true,
    "src": "src/routes/blog/2022-09-29-back-to-the-states.md"
  },
  "src/routes/blog/2022-10-01-merry-midwest-roadtrip-part-i-north-shore-of-lake-superior.md": {
    "file": "chunks/2022-10-01-merry-midwest-roadtrip-part-i-north-shore-of-lake-superior.js",
    "imports": [
      "_index.js"
    ],
    "isDynamicEntry": true,
    "src": "src/routes/blog/2022-10-01-merry-midwest-roadtrip-part-i-north-shore-of-lake-superior.md"
  },
  "src/routes/blog/2022-10-19-merry-midwest-roadtrip-part-3-cleveland.md": {
    "file": "chunks/2022-10-19-merry-midwest-roadtrip-part-3-cleveland.js",
    "imports": [
      "_index.js"
    ],
    "isDynamicEntry": true,
    "src": "src/routes/blog/2022-10-19-merry-midwest-roadtrip-part-3-cleveland.md"
  },
  "src/routes/blog/2022-10-31-merry-midwest-roadtrip-part-2-michigan.md": {
    "file": "chunks/2022-10-31-merry-midwest-roadtrip-part-2-michigan.js",
    "imports": [
      "_index.js"
    ],
    "isDynamicEntry": true,
    "src": "src/routes/blog/2022-10-31-merry-midwest-roadtrip-part-2-michigan.md"
  },
  "src/routes/blog/2022-11-11-merry-midwest-roadtrip-part-4-dc.md": {
    "file": "chunks/2022-11-11-merry-midwest-roadtrip-part-4-dc.js",
    "imports": [
      "_index.js"
    ],
    "isDynamicEntry": true,
    "src": "src/routes/blog/2022-11-11-merry-midwest-roadtrip-part-4-dc.md"
  },
  "src/routes/blog/2023-01-28-malta-month-of-merry-ment.md": {
    "file": "chunks/2023-01-28-malta-month-of-merry-ment.js",
    "imports": [
      "_index.js"
    ],
    "isDynamicEntry": true,
    "src": "src/routes/blog/2023-01-28-malta-month-of-merry-ment.md"
  },
  "src/routes/blog/2023-02-13-malta-month-of-merry-ment-part-ii.md": {
    "file": "chunks/2023-02-13-malta-month-of-merry-ment-part-ii.js",
    "imports": [
      "_index.js"
    ],
    "isDynamicEntry": true,
    "src": "src/routes/blog/2023-02-13-malta-month-of-merry-ment-part-ii.md"
  },
  "src/routes/blog/2023-03-02-lisbon-lagos-and-portimao…we’re-in-portugal.md": {
    "file": "chunks/2023-03-02-lisbon-lagos-and-portimao…we’re-in-portugal.js",
    "imports": [
      "_index.js"
    ],
    "isDynamicEntry": true,
    "src": "src/routes/blog/2023-03-02-lisbon-lagos-and-portimao…we’re-in-portugal.md"
  },
  "src/routes/blog/2023-03-30-how-to-launch-a-boat-in-fethiye.md": {
    "file": "chunks/2023-03-30-how-to-launch-a-boat-in-fethiye.js",
    "imports": [
      "_index.js"
    ],
    "isDynamicEntry": true,
    "src": "src/routes/blog/2023-03-30-how-to-launch-a-boat-in-fethiye.md"
  },
  "src/routes/blog/2023-03-31-türkiye-part-i-fethiye-and-the-turquoise-coast.md": {
    "file": "chunks/2023-03-31-türkiye-part-i-fethiye-and-the-turquoise-coast.js",
    "imports": [
      "_index.js"
    ],
    "isDynamicEntry": true,
    "src": "src/routes/blog/2023-03-31-türkiye-part-i-fethiye-and-the-turquoise-coast.md"
  },
  "src/routes/blog/2023-04-19-türkiye-part-ii-cappadocia-and-istanbul.md": {
    "file": "chunks/2023-04-19-türkiye-part-ii-cappadocia-and-istanbul.js",
    "imports": [
      "_index.js"
    ],
    "isDynamicEntry": true,
    "src": "src/routes/blog/2023-04-19-türkiye-part-ii-cappadocia-and-istanbul.md"
  },
  "src/routes/blog/2023-06-02-budapest.md": {
    "file": "chunks/2023-06-02-budapest.js",
    "imports": [
      "_index.js"
    ],
    "isDynamicEntry": true,
    "src": "src/routes/blog/2023-06-02-budapest.md"
  },
  "src/routes/blog/2023-08-30-bulgaria.md": {
    "file": "chunks/2023-08-30-bulgaria.js",
    "imports": [
      "_index.js"
    ],
    "isDynamicEntry": true,
    "src": "src/routes/blog/2023-08-30-bulgaria.md"
  },
  "src/routes/blog/2024-01-06-2023-recap.md": {
    "file": "chunks/2024-01-06-2023-recap.js",
    "imports": [
      "_index.js"
    ],
    "isDynamicEntry": true,
    "src": "src/routes/blog/2024-01-06-2023-recap.md"
  },
  "src/routes/blog/2024-07-25-Innsbruck.md": {
    "file": "chunks/2024-07-25-Innsbruck.js",
    "imports": [
      "_index.js"
    ],
    "isDynamicEntry": true,
    "src": "src/routes/blog/2024-07-25-Innsbruck.md"
  },
  "src/routes/blog/2024-08-04-randis-solo-brompton-adventure.md": {
    "file": "chunks/2024-08-04-randis-solo-brompton-adventure.js",
    "imports": [
      "_index.js"
    ],
    "isDynamicEntry": true,
    "src": "src/routes/blog/2024-08-04-randis-solo-brompton-adventure.md"
  },
  "src/routes/blog/2025-02-18-portugal.md": {
    "file": "chunks/2025-02-18-portugal.js",
    "imports": [
      "_index.js"
    ],
    "isDynamicEntry": true,
    "src": "src/routes/blog/2025-02-18-portugal.md"
  },
  "src/routes/blog/2025-02-18-usa-2024-25.md": {
    "file": "chunks/2025-02-18-usa-2024-25.js",
    "imports": [
      "_index.js"
    ],
    "isDynamicEntry": true,
    "src": "src/routes/blog/2025-02-18-usa-2024-25.md"
  },
  "src/routes/blog/2025-03-18-Madeira.md": {
    "file": "chunks/2025-03-18-Madeira.js",
    "imports": [
      "_index.js"
    ],
    "isDynamicEntry": true,
    "src": "src/routes/blog/2025-03-18-Madeira.md"
  },
  "src/routes/blog/2025-06-23-EV9-Bike-Trip.md": {
    "file": "chunks/2025-06-23-EV9-Bike-Trip.js",
    "imports": [
      "_index.js"
    ],
    "isDynamicEntry": true,
    "src": "src/routes/blog/2025-06-23-EV9-Bike-Trip.md"
  },
  "src/routes/blog/2025-08-14-summer-in-the-dach-lands.md": {
    "file": "chunks/2025-08-14-summer-in-the-dach-lands.js",
    "imports": [
      "_index.js"
    ],
    "isDynamicEntry": true,
    "src": "src/routes/blog/2025-08-14-summer-in-the-dach-lands.md"
  },
  "src/routes/blog/2025-09-22-a-love-letter-to-berlin.md": {
    "file": "chunks/2025-09-22-a-love-letter-to-berlin.js",
    "imports": [
      "_index.js"
    ],
    "isDynamicEntry": true,
    "src": "src/routes/blog/2025-09-22-a-love-letter-to-berlin.md"
  },
  "src/routes/blog/2025-10-29-sicily.md": {
    "file": "chunks/2025-10-29-sicily.js",
    "imports": [
      "_index.js"
    ],
    "isDynamicEntry": true,
    "src": "src/routes/blog/2025-10-29-sicily.md"
  },
  "src/routes/blog/2025-10-30-singapore.md": {
    "file": "chunks/2025-10-30-singapore.js",
    "imports": [
      "_index.js"
    ],
    "isDynamicEntry": true,
    "src": "src/routes/blog/2025-10-30-singapore.md"
  },
  "src/routes/blog/2025-11-29-malaysia.md": {
    "file": "chunks/2025-11-29-malaysia.js",
    "imports": [
      "_index.js"
    ],
    "isDynamicEntry": true,
    "src": "src/routes/blog/2025-11-29-malaysia.md"
  },
  "src/routes/blog/[slug]/+page.css": {
    "file": "_app/immutable/assets/_page.1810d58b.css",
    "src": "src/routes/blog/[slug]/+page.css"
  },
  "src/routes/blog/[slug]/+page.svelte": {
    "css": [
      "_app/immutable/assets/_page.1810d58b.css"
    ],
    "file": "entries/pages/blog/_slug_/_page.svelte.js",
    "imports": [
      "_index.js",
      "_Card.js",
      "_PromoCard.js"
    ],
    "isEntry": true,
    "src": "src/routes/blog/[slug]/+page.svelte"
  },
  "src/routes/blog/[slug]/+page.ts": {
    "dynamicImports": [
      "src/routes/blog/2020-11-09-about-us.md",
      "src/routes/blog/2021-04-01-a-correction-is-coming.md",
      "src/routes/blog/2021-04-01-croatia-dalmatia-region-plan-your-own-adventure.md",
      "src/routes/blog/2021-04-01-dalmatian-coast-for-the-frugal-traveler.md",
      "src/routes/blog/2021-04-01-mt-bierstadt.md",
      "src/routes/blog/2021-04-01-mt-huron.md",
      "src/routes/blog/2021-04-01-north-table-mountain.md",
      "src/routes/blog/2021-04-01-our-14ers-list.md",
      "src/routes/blog/2021-04-01-white-ranch-open-space.md",
      "src/routes/blog/2021-04-06-lessons-learned-living-in-490-square-feet.md",
      "src/routes/blog/2021-04-06-stuck-in-the-snow-after-mt-democrat.md",
      "src/routes/blog/2021-04-06-taking-a-sebatical.md",
      "src/routes/blog/2021-04-07-crested-butte-to-crystal-mills-via-schofield-pass.md",
      "src/routes/blog/2021-04-07-la-plata.md",
      "src/routes/blog/2021-04-07-lost-creek-wilderness.md",
      "src/routes/blog/2021-04-07-missouri-mountain.md",
      "src/routes/blog/2021-04-07-mount-of-the-holy-cross.md",
      "src/routes/blog/2021-04-07-packing-lite-list-for-her.md",
      "src/routes/blog/2021-04-07-packing-lite-list-for-him.md",
      "src/routes/blog/2021-04-07-shavano-tabeguache-traverse.md",
      "src/routes/blog/2021-10-18-selling-all-our-stuff.md",
      "src/routes/blog/2021-10-18-tulum-mexico-2021.md",
      "src/routes/blog/2021-10-26-playa-del-carmen-2021.md",
      "src/routes/blog/2021-11-05-puerto-morelos.md",
      "src/routes/blog/2021-11-12-valladolid.md",
      "src/routes/blog/2021-12-02-merida.md",
      "src/routes/blog/2021-12-10-guadalajara-mexico-2021.md",
      "src/routes/blog/2022-01-22-mexico-city-part-one.md",
      "src/routes/blog/2022-02-05-mexico-city-part-two-and-a-little-nc-and-denver.md",
      "src/routes/blog/2022-03-04-san-cristóbal-de-las-casas.md",
      "src/routes/blog/2022-04-11-puebla.md",
      "src/routes/blog/2022-04-21-queretaro.md",
      "src/routes/blog/2022-04-27-getting-started-on-our-bike-trip.md",
      "src/routes/blog/2022-05-01-eurovelo-3.md",
      "src/routes/blog/2022-05-17-ev6-france-and-the-first-500-miles-of-our-journey-are-behind-us.md",
      "src/routes/blog/2022-05-31-switzerland-2022-bike-trip.md",
      "src/routes/blog/2022-07-07-austria-to-visit-dylan.md",
      "src/routes/blog/2022-07-07-ev6-germany-2022.md",
      "src/routes/blog/2022-09-29-back-to-the-states.md",
      "src/routes/blog/2022-10-01-merry-midwest-roadtrip-part-i-north-shore-of-lake-superior.md",
      "src/routes/blog/2022-10-19-merry-midwest-roadtrip-part-3-cleveland.md",
      "src/routes/blog/2022-10-31-merry-midwest-roadtrip-part-2-michigan.md",
      "src/routes/blog/2022-11-11-merry-midwest-roadtrip-part-4-dc.md",
      "src/routes/blog/2023-01-28-malta-month-of-merry-ment.md",
      "src/routes/blog/2023-02-13-malta-month-of-merry-ment-part-ii.md",
      "src/routes/blog/2023-03-02-lisbon-lagos-and-portimao…we’re-in-portugal.md",
      "src/routes/blog/2023-03-30-how-to-launch-a-boat-in-fethiye.md",
      "src/routes/blog/2023-03-31-türkiye-part-i-fethiye-and-the-turquoise-coast.md",
      "src/routes/blog/2023-04-19-türkiye-part-ii-cappadocia-and-istanbul.md",
      "src/routes/blog/2023-06-02-budapest.md",
      "src/routes/blog/2023-08-30-bulgaria.md",
      "src/routes/blog/2024-01-06-2023-recap.md",
      "src/routes/blog/2024-07-25-Innsbruck.md",
      "src/routes/blog/2024-08-04-randis-solo-brompton-adventure.md",
      "src/routes/blog/2025-02-18-portugal.md",
      "src/routes/blog/2025-02-18-usa-2024-25.md",
      "src/routes/blog/2025-03-18-Madeira.md",
      "src/routes/blog/2025-06-23-EV9-Bike-Trip.md",
      "src/routes/blog/2025-08-14-summer-in-the-dach-lands.md",
      "src/routes/blog/2025-09-22-a-love-letter-to-berlin.md",
      "src/routes/blog/2025-10-29-sicily.md",
      "src/routes/blog/2025-10-30-singapore.md",
      "src/routes/blog/2025-11-29-malaysia.md"
    ],
    "file": "entries/pages/blog/_slug_/_page.ts.js",
    "imports": [
      "_getAllPosts.js"
    ],
    "isEntry": true,
    "src": "src/routes/blog/[slug]/+page.ts"
  },
  "src/routes/blog/tags/+page.svelte": {
    "file": "entries/pages/blog/tags/_page.svelte.js",
    "imports": [
      "_index.js",
      "_Card.js"
    ],
    "isEntry": true,
    "src": "src/routes/blog/tags/+page.svelte"
  },
  "src/routes/blog/tags/+page.ts": {
    "file": "entries/pages/blog/tags/_page.ts.js",
    "imports": [
      "_getAllPosts.js"
    ],
    "isEntry": true,
    "src": "src/routes/blog/tags/+page.ts"
  },
  "src/routes/blog/tags/[tag]/+page.svelte": {
    "file": "entries/pages/blog/tags/_tag_/_page.svelte.js",
    "imports": [
      "_index.js",
      "_Card.js"
    ],
    "isEntry": true,
    "src": "src/routes/blog/tags/[tag]/+page.svelte"
  },
  "src/routes/blog/tags/[tag]/+page.ts": {
    "file": "entries/pages/blog/tags/_tag_/_page.ts.js",
    "imports": [
      "_getAllPosts.js"
    ],
    "isEntry": true,
    "src": "src/routes/blog/tags/[tag]/+page.ts"
  }
}